{
    "accuracy": 0.7185,
    "precision": 0.7244611015281248,
    "recall": 0.7185,
    "f1score": 0.7205487704316782
}